Pais,1965,1966,1967,1968,1969,1970,1971,1972,1973,1974,1975,1976,1977,1978,1979,1980,1981,1982,1983,1984,1985,1986,1987,1988,1989,1990,1991,1992,1993,1994,1995,1996,1997,1998,1999,2000,2001,2002,2003,2004,2005,2006,2007,2008,2009,2010,2011,2012,2013,2014,2015,2016,2017,2018,2019,2020,2021,2021,2011-21,2021
Canada,-,-,-,-,-,-,-,-,-,-,-,0.01,0.01,0.01,0.02,0.01,0.02,0.02,0.02,0.03,0.02,0.02,0.03,0.03,0.04,0.05,0.05,0.05,0.06,0.07,0.08,0.09,0.09,0.10,0.10,0.10,0.11,0.12,0.11,0.11,0.11,0.10,0.10,0.09,0.10,0.12,0.12,0.13,0.13,0.11,0.11,0.13,0.12,0.12,0.12,0.11,0.11,3.6%,-0.5%,1.3%
Mexico,-,-,-,-,-,-,-,-,^,^,0.01,0.01,0.01,0.01,0.01,0.01,0.01,0.01,0.01,0.01,0.02,0.03,0.05,0.05,0.05,0.05,0.06,0.07,0.07,0.06,0.07,0.06,0.06,0.06,0.06,0.07,0.06,0.06,0.07,0.07,0.08,0.07,0.08,0.08,0.07,0.07,0.07,0.07,0.07,0.07,0.07,0.07,0.08,0.08,0.07,0.07,0.07,-1.0%,-0.5%,0.8%
US,0.15,0.16,0.16,0.18,0.19,0.19,0.19,0.21,0.23,0.23,0.22,0.25,0.27,0.28,0.29,0.30,0.31,0.30,0.33,0.40,0.41,0.43,0.48,0.47,0.54,0.64,0.67,0.72,0.75,0.74,0.71,0.73,0.74,0.73,0.74,0.75,0.75,0.80,0.80,0.80,0.81,0.81,0.82,0.82,0.81,0.83,0.84,0.85,0.89,0.93,0.93,0.91,0.91,0.90,0.84,0.81,0.83,1.8%,-0.2%,9.7%
Argentina,-,-,-,-,-,^,^,^,^,^,^,^,^,^,^,^,^,^,^,^,^,^,^,^,^,^,^,^,^,^,^,^,^,^,^,^,^,0.01,0.01,0.01,0.01,0.01,0.01,0.01,0.01,0.02,0.02,0.02,0.02,0.02,0.02,0.01,0.02,0.02,0.02,0.03,0.02,-6.8%,4.0%,0.3%
Brazil,-,-,-,-,-,0.01,0.01,0.01,0.01,0.01,0.01,0.01,0.01,0.02,0.02,0.02,0.02,0.03,0.03,0.03,0.04,0.04,0.04,0.04,0.04,0.04,0.05,0.06,0.06,0.06,0.06,0.08,0.08,0.09,0.10,0.09,0.10,0.12,0.14,0.14,0.16,0.17,0.21,0.23,0.26,0.37,0.37,0.41,0.47,0.54,0.57,0.59,0.61,0.62,0.63,0.68,0.63,-6.2%,5.4%,7.4%
Chile,-,-,-,-,-,-,^,^,^,^,^,^,^,^,^,^,^,^,^,^,^,^,^,^,^,0.01,0.01,0.02,0.02,0.02,0.02,0.02,0.02,0.01,0.02,0.02,0.02,0.02,0.02,0.02,0.02,0.02,0.03,0.04,0.04,0.04,0.05,0.07,0.08,0.06,0.06,0.08,0.09,0.10,0.11,0.10,0.10,-3.3%,6.9%,1.1%
Colombia,-,-,-,-,-,-,-,-,-,-,^,^,^,^,^,^,^,^,^,^,^,^,^,^,^,^,^,^,^,0.01,0.01,0.01,0.01,0.01,0.01,0.01,0.01,0.01,0.01,0.01,0.01,0.01,0.01,0.01,0.01,0.01,0.02,0.02,0.02,0.02,0.02,0.02,0.02,0.02,0.03,0.03,0.03,0.3%,7.4%,0.4%
Ecuador,-,-,-,-,-,-,-,-,-,-,-,-,-,-,-,-,-,-,-,-,-,-,-,-,-,-,-,-,-,-,-,-,-,-,-,-,-,-,-,^,^,^,^,^,^,^,^,^,^,^,^,0.01,^,^,0.01,0.01,^,-11.6%,4.1%,0.1%
Peru,-,-,-,-,-,-,^,^,^,^,^,^,^,^,^,^,^,^,^,^,^,^,^,^,^,^,^,^,^,^,^,^,^,^,^,^,^,^,^,^,^,^,^,0.01,0.01,0.01,0.01,0.01,0.01,0.01,0.01,^,^,0.01,0.01,0.01,0.01,13.7%,-1.5%,0.1%
Trinidad & Tobago,-,-,-,-,-,-,^,^,^,^,^,^,^,^,^,^,^,^,^,^,^,^,^,^,^,^,^,^,^,^,^,^,^,^,^,^,^,^,^,^,^,^,^,^,^,-,-,-,-,-,-,-,-,-,-,-,-,-,-,♦
Venezuela,-,-,-,-,-,-,-,-,-,-,-,-,-,-,-,-,-,-,-,-,-,-,-,-,-,-,-,-,-,-,-,-,-,-,-,-,-,-,-,-,-,-,-,-,-,-,-,-,-,-,-,-,^,^,^,^,^,♦,-,♦
Central America,-,-,-,-,-,-,^,^,^,^,^,0.01,0.01,0.01,0.01,0.01,0.01,0.01,0.01,0.01,0.01,0.01,0.01,0.01,0.01,0.01,0.01,0.02,0.02,0.02,0.02,0.02,0.02,0.02,0.03,0.03,0.03,0.03,0.04,0.04,0.04,0.05,0.05,0.05,0.06,0.06,0.06,0.07,0.07,0.08,0.08,0.09,0.09,0.09,0.11,0.10,0.10,4.3%,5.4%,1.2%
Other Caribbean,-,-,-,-,-,-,0.01,0.01,0.01,0.01,0.01,0.01,0.01,0.02,0.01,0.01,0.02,0.02,0.02,0.01,0.01,0.01,0.01,0.02,0.02,0.02,0.02,0.02,0.01,0.01,0.01,0.01,0.01,0.01,0.01,0.02,0.01,0.01,0.01,0.01,0.01,0.01,0.01,0.01,0.01,0.01,0.01,0.01,0.01,0.01,0.01,0.01,0.01,0.01,0.01,0.01,0.01,3.9%,4.3%,0.2%
Other South America,-,-,-,-,-,-,^,^,^,^,^,^,^,^,^,^,^,^,^,^,^,^,^,^,^,^,^,^,^,^,^,^,^,^,^,^,^,^,^,^,^,^,^,0.01,0.01,0.01,0.02,0.02,0.02,0.03,0.03,0.03,0.03,0.03,0.03,0.04,0.04,6.0%,9.4%,0.4%
Austria,-,-,-,-,-,-,-,-,-,-,-,-,-,-,-,-,-,-,-,-,0.01,0.01,0.01,0.01,0.01,0.01,0.01,0.02,0.02,0.01,0.02,0.02,0.02,0.02,0.02,0.02,0.02,0.02,0.02,0.02,0.03,0.04,0.05,0.05,0.05,0.05,0.05,0.05,0.05,0.05,0.05,0.06,0.06,0.06,0.05,0.05,0.05,-4.3%,-0.4%,0.6%
Belgium,-,-,-,-,-,-,-,-,^,^,^,^,^,^,^,^,^,^,^,^,^,^,^,^,^,^,^,^,^,^,^,^,^,^,0.01,0.01,0.01,0.01,0.01,0.01,0.02,0.03,0.03,0.04,0.05,0.05,0.05,0.06,0.06,0.05,0.06,0.06,0.07,0.06,0.06,0.06,0.06,-6.5%,0.5%,0.7%
Bulgaria,-,-,-,-,-,-,-,-,-,-,-,-,-,-,-,-,-,-,-,-,-,-,-,-,-,-,-,-,-,-,-,-,-,-,-,-,-,-,-,-,-,-,-,^,^,^,^,^,^,^,^,^,^,0.02,0.02,0.02,0.02,♦,40.6%,0.2%
Croatia,-,-,-,-,-,-,-,-,-,-,-,-,-,-,-,-,-,-,-,-,-,-,-,-,-,-,-,^,^,^,^,^,^,^,^,^,-,-,-,^,^,^,^,^,^,^,^,^,^,^,^,^,0.01,0.01,0.01,0.01,0.01,11.1%,35.7%,0.2%
Cyprus,-,-,-,-,-,-,-,-,-,-,-,-,-,-,-,-,-,-,-,-,-,-,-,-,-,-,-,-,-,-,-,-,-,-,-,-,-,-,-,-,-,^,^,^,^,^,^,^,^,^,^,^,^,^,^,^,^,-30.8%,-2.1%,♦
Czech Republic,-,-,-,-,-,-,-,-,-,-,-,-,-,-,-,-,-,-,-,-,-,-,-,-,-,-,-,-,^,^,^,^,0.01,0.01,0.01,0.01,0.01,0.01,0.01,0.01,0.01,0.01,0.01,0.02,0.02,0.02,0.03,0.04,0.05,0.05,0.06,0.05,0.06,0.06,0.06,0.06,0.06,3.5%,6.9%,0.7%
Denmark,-,-,-,-,-,-,-,-,-,-,-,-,-,-,-,-,-,-,^,^,^,^,^,^,^,^,^,0.01,0.01,0.01,0.01,0.01,0.01,0.01,0.02,0.01,0.02,0.02,0.03,0.03,0.04,0.04,0.04,0.04,0.04,0.05,0.05,0.05,0.05,0.05,0.05,0.06,0.07,0.07,0.07,0.07,0.10,47.8%,7.2%,1.2%
Estonia,-,-,-,-,-,-,-,-,-,-,-,-,-,-,-,-,-,-,-,-,-,-,-,-,-,-,-,-,-,-,^,^,^,^,^,^,^,^,^,^,^,^,^,^,^,0.01,0.01,0.01,0.01,0.01,0.01,0.01,0.01,0.01,0.01,0.02,0.02,19.4%,10.5%,0.3%
Finland,-,-,-,-,-,-,-,-,-,-,-,-,-,-,-,-,-,-,-,-,-,-,-,-,-,0.06,0.06,0.06,0.07,0.07,0.08,0.07,0.09,0.11,0.10,0.10,0.09,0.10,0.11,0.12,0.11,0.12,0.11,0.12,0.10,0.13,0.13,0.13,0.14,0.13,0.13,0.13,0.14,0.15,0.15,0.13,0.16,18.7%,2.0%,1.8%
France,-,^,0.01,0.01,0.01,0.02,0.02,0.02,0.02,0.02,0.02,0.02,0.02,0.02,0.02,0.02,0.02,0.02,0.02,0.02,0.02,0.02,0.02,0.02,0.02,0.02,0.02,0.02,0.02,0.02,0.03,0.03,0.03,0.03,0.03,0.03,0.04,0.04,0.04,0.04,0.04,0.04,0.05,0.05,0.05,0.06,0.06,0.07,0.09,0.10,0.10,0.11,0.12,0.12,0.12,0.12,0.13,5.2%,7.4%,1.5%
Germany,-,-,-,-,-,0.01,0.01,0.01,0.01,0.01,0.01,0.01,0.01,0.02,0.02,0.02,0.02,0.02,0.02,0.02,0.02,0.02,0.02,0.02,0.02,0.02,0.02,0.02,0.02,0.02,0.02,0.02,0.03,0.03,0.03,0.04,0.06,0.07,0.10,0.12,0.17,0.22,0.28,0.32,0.36,0.39,0.42,0.50,0.52,0.56,0.58,0.59,0.59,0.59,0.58,0.59,0.58,-0.1%,3.3%,6.8%
Greece,-,-,-,-,-,-,-,-,-,-,-,-,-,-,-,-,-,-,-,-,-,-,-,-,-,-,-,^,^,^,^,-,-,-,^,-,^,^,^,^,^,^,^,^,^,^,^,^,^,^,^,^,^,^,^,0.01,^,-60.8%,-1.5%,♦
Hungary,-,-,-,-,-,-,-,-,-,-,-,-,-,-,-,-,-,-,-,-,-,-,-,-,-,^,^,^,^,^,^,^,^,^,^,^,^,^,^,0.01,0.02,0.01,0.02,0.02,0.03,0.03,0.02,0.02,0.02,0.02,0.02,0.02,0.02,0.03,0.03,0.02,0.03,2.5%,1.8%,0.3%
Iceland,-,-,-,-,^,^,^,^,^,^,^,^,^,^,^,^,^,^,^,^,^,^,^,^,^,^,^,^,^,^,^,^,^,0.01,0.01,0.01,0.01,0.01,0.01,0.01,0.02,0.03,0.03,0.04,0.04,0.04,0.04,0.05,0.05,0.05,0.05,0.05,0.05,0.05,0.05,0.05,0.05,-3.0%,1.6%,0.6%
Ireland,-,-,-,-,-,-,-,-,-,-,-,-,-,-,-,-,-,-,-,-,-,-,-,-,-,-,-,-,-,-,-,^,^,^,^,^,^,^,^,^,^,^,^,^,^,^,^,0.01,0.01,0.01,0.01,0.01,0.01,0.01,0.01,0.01,0.01,3.6%,11.2%,0.1%
Italy,0.03,0.04,0.04,0.04,0.04,0.05,0.04,0.04,0.04,0.05,0.04,0.04,0.04,0.04,0.04,0.04,0.04,0.04,0.04,0.04,0.03,0.04,0.04,0.04,0.03,0.03,0.03,0.04,0.04,0.04,0.04,0.04,0.05,0.05,0.06,0.06,0.07,0.08,0.09,0.10,0.11,0.11,0.11,0.12,0.14,0.16,0.18,0.20,0.25,0.27,0.28,0.28,0.28,0.28,0.28,0.28,0.28,0.7%,4.7%,3.3%
Latvia,-,-,-,-,-,-,-,-,-,-,-,-,-,-,-,-,-,-,-,-,-,-,-,-,-,-,-,-,-,-,-,-,-,-,-,-,^,^,^,^,^,^,^,^,^,^,^,^,0.01,0.01,0.01,0.01,0.01,0.01,0.01,0.01,0.01,-4.8%,21.2%,0.1%
Lithuania,-,-,-,-,-,-,-,-,-,-,-,-,-,-,-,-,-,-,-,-,-,-,-,-,-,-,-,-,-,-,-,-,-,-,-,-,^,^,^,^,^,^,^,^,^,^,^,^,^,^,0.01,0.01,0.01,0.01,0.01,0.01,0.01,-6.5%,13.4%,0.1%
Luxembourg,-,-,-,-,-,-,-,-,-,-,-,-,^,^,^,^,^,^,^,^,^,^,^,^,^,^,^,^,^,^,^,^,^,^,^,^,^,^,^,^,^,^,^,^,^,^,^,^,^,^,^,^,^,^,^,^,^,5.1%,15.4%,0.1%
Netherlands,-,-,-,-,-,-,-,-,-,-,0.01,0.01,0.01,0.01,0.01,0.01,0.01,^,^,^,0.01,0.01,0.01,0.01,0.01,0.01,0.01,0.01,0.01,0.01,0.01,0.02,0.02,0.02,0.02,0.02,0.03,0.03,0.03,0.04,0.06,0.06,0.05,0.06,0.07,0.08,0.08,0.08,0.07,0.06,0.06,0.06,0.05,0.05,0.07,0.10,0.12,22.4%,4.3%,1.5%
North Macedonia,-,-,-,-,-,-,-,-,-,-,-,-,-,-,-,-,-,-,-,-,-,-,-,-,-,-,-,-,-,-,-,-,-,-,-,-,-,-,-,-,-,-,-,-,-,-,-,-,-,-,^,^,^,^,^,^,^,-5.8%,-,♦
Norway,-,-,-,-,-,-,-,-,-,-,-,-,-,-,-,-,-,-,-,-,^,^,^,^,^,^,^,^,^,^,^,^,^,^,^,^,^,^,^,^,^,^,^,^,^,^,^,^,^,^,^,^,^,^,^,^,^,♦,-2.9%,♦
Poland,^,^,^,^,^,^,^,^,^,^,^,^,^,^,^,^,^,^,^,^,^,^,^,^,^,^,^,^,^,^,^,^,^,^,^,^,0.01,^,0.01,0.01,0.02,0.02,0.03,0.04,0.06,0.07,0.09,0.12,0.10,0.11,0.11,0.09,0.07,0.08,0.09,0.09,0.09,1.3%,♦,1.0%
Portugal,^,^,^,^,^,^,^,^,^,^,^,^,^,^,^,^,^,^,^,^,0.01,0.01,0.01,0.01,0.01,0.01,0.01,0.01,0.01,0.01,0.01,0.01,0.01,0.01,0.01,0.02,0.02,0.02,0.02,0.02,0.02,0.02,0.02,0.02,0.03,0.03,0.04,0.04,0.04,0.04,0.04,0.04,0.04,0.04,0.04,0.05,0.04,-6.2%,1.8%,0.5%
Romania,-,-,-,-,-,-,-,-,-,-,-,-,-,-,-,-,-,-,-,-,-,-,-,-,-,^,-,^,^,-,-,-,^,^,-,-,-,^,^,^,^,^,^,^,^,^,^,^,^,0.01,0.01,0.01,0.01,0.01,0.01,0.01,0.01,30.0%,13.6%,0.1%
Slovakia,-,-,-,-,-,-,-,-,-,-,-,-,-,-,-,-,-,-,-,-,-,-,-,-,-,-,-,-,-,-,-,-,-,-,-,-,^,^,^,^,^,^,0.01,0.01,0.01,0.01,0.01,0.01,0.01,0.02,0.02,0.02,0.02,0.02,0.02,0.02,0.02,22.6%,9.6%,0.3%
Slovenia,-,-,-,-,-,-,-,-,-,-,-,-,-,-,-,-,-,-,-,-,-,-,-,-,-,-,-,-,-,-,-,-,-,-,^,^,^,^,^,^,^,^,^,^,^,^,^,^,^,^,^,^,^,^,^,^,^,7.9%,1.7%,♦
Spain,-,-,-,-,-,^,^,^,^,^,^,^,^,^,^,^,^,0.01,0.01,0.01,0.01,0.01,0.01,0.01,0.01,0.01,0.01,0.01,0.01,0.01,0.01,0.01,0.02,0.02,0.02,0.02,0.02,0.03,0.04,0.04,0.03,0.03,0.03,0.04,0.04,0.04,0.05,0.06,0.06,0.06,0.07,0.07,0.07,0.07,0.06,0.07,0.08,8.1%,3.9%,0.9%
Sweden,-,-,-,-,-,^,^,^,^,^,^,^,^,^,^,0.01,0.01,0.01,0.02,0.02,0.02,0.02,0.02,0.02,0.03,0.02,0.02,0.02,0.02,0.03,0.03,0.02,0.03,0.03,0.03,0.05,0.04,0.05,0.05,0.08,0.09,0.10,0.11,0.12,0.13,0.14,0.13,0.14,0.13,0.12,0.12,0.13,0.14,0.14,0.15,0.13,0.15,19.6%,1.5%,1.8%
Switzerland,-,-,-,-,-,-,-,-,-,-,-,-,-,^,^,^,0.01,^,^,^,^,0.01,0.01,0.01,0.01,0.01,0.01,0.01,0.01,0.01,0.01,0.01,0.01,0.01,0.01,0.01,0.01,0.01,0.01,0.01,0.01,0.01,0.01,0.01,0.01,0.01,0.02,0.02,0.02,0.02,0.02,0.02,0.02,0.02,0.02,0.02,0.02,-1.8%,3.4%,0.3%
Turkey,^,^,^,^,^,^,^,^,^,^,^,^,^,^,^,^,^,-,-,^,^,^,^,^,^,^,^,^,^,^,^,^,^,^,^,^,^,^,^,^,^,^,^,^,0.01,0.01,0.01,0.02,0.02,0.03,0.05,0.07,0.09,0.11,0.13,0.16,0.19,20.7%,33.4%,2.2%
Ukraine,-,-,-,-,-,-,-,-,-,-,-,-,-,-,-,-,-,-,-,-,-,-,-,-,-,-,-,-,-,-,-,-,-,-,-,-,-,-,-,-,-,-,^,^,^,^,^,^,^,^,^,^,^,^,^,0.01,0.01,3.3%,19.2%,0.1%
United Kingdom,-,-,-,-,-,-,-,-,-,-,-,-,-,-,-,-,-,-,-,-,-,-,-,-,-,0.01,0.01,0.01,0.01,0.02,0.02,0.02,0.02,0.03,0.04,0.04,0.05,0.06,0.07,0.08,0.10,0.11,0.11,0.11,0.12,0.14,0.15,0.17,0.21,0.26,0.34,0.35,0.37,0.40,0.43,0.45,0.46,2.0%,11.6%,5.4%
Other Europe,-,-,-,-,-,-,-,-,-,-,-,-,-,-,-,-,-,-,-,-,-,-,-,-,-,-,-,-,-,-,-,^,^,^,^,^,^,^,^,^,^,^,^,^,^,^,^,^,^,^,^,^,^,^,^,^,^,26.9%,22.6%,♦
Azerbaijan,-,-,-,-,-,-,-,-,-,-,-,-,-,-,-,-,-,-,-,-,-,-,-,-,-,-,-,-,-,-,-,-,-,-,-,-,-,-,-,-,-,-,-,-,-,-,-,-,^,^,^,^,^,^,^,^,^,-3.4%,-,♦
Belarus,-,-,-,-,-,-,-,-,-,-,-,-,-,-,-,-,-,-,-,-,-,-,-,-,-,-,-,-,-,-,-,-,-,-,-,-,-,-,-,-,-,^,^,^,^,^,^,^,^,^,^,^,^,^,^,^,^,♦,10.9%,♦
Kazakhstan,-,-,-,-,-,-,-,-,-,-,-,-,-,-,-,-,-,-,-,-,-,-,-,-,-,-,-,-,-,-,-,-,-,-,-,-,-,-,-,-,-,-,-,-,-,-,-,-,-,-,^,^,^,^,^,^,^,-29.8%,-,♦
Russian Federation,-,-,-,-,-,-,-,-,-,-,-,-,-,-,-,-,-,-,-,-,-,-,-,-,-,^,^,^,^,^,^,^,^,^,^,^,^,^,^,^,^,0.01,^,^,^,0.01,0.01,^,^,0.01,^,^,^,^,^,^,^,1.0%,-0.9%,0.1%
Turkmenistan,-,-,-,-,-,-,-,-,-,-,-,-,-,-,-,-,-,-,-,-,-,-,-,-,-,-,-,-,-,-,-,-,-,-,-,-,-,-,-,-,-,-,-,-,-,-,-,-,-,-,-,-,-,-,-,-,-,-,-,♦
USSR,-,-,-,-,-,-,-,-,-,-,-,-,-,-,-,-,-,-,-,-,-,-,-,-,-,-,-,-,-,-,-,-,-,-,-,-,-,-,-,-,-,-,-,-,-,-,-,-,-,-,-,-,-,-,-,-,-,-,-,♦
Uzbekistan,-,-,-,-,-,-,-,-,-,-,-,-,-,-,-,-,-,-,-,-,-,-,-,-,-,-,-,-,-,-,-,-,-,-,-,-,-,-,-,-,-,-,-,-,-,-,-,-,-,-,-,-,-,-,-,-,-,-,-,♦
Other CIS,-,-,-,-,-,-,-,-,-,-,-,-,-,-,-,-,-,-,-,-,-,-,-,-,-,-,-,-,-,-,-,-,-,-,-,-,-,-,-,-,-,-,-,-,-,-,-,-,^,^,^,^,^,^,^,^,^,-3.8%,-,♦
Iran,-,-,-,-,-,-,-,-,-,-,-,-,-,-,-,-,-,-,-,-,-,-,-,-,-,-,-,-,-,-,-,-,-,-,-,-,-,-,-,-,-,-,-,-,^,^,^,^,^,^,^,^,^,^,^,^,^,♦,-7.0%,♦
Iraq,-,-,-,-,-,-,-,-,-,-,-,-,-,-,-,-,-,-,-,-,-,-,-,-,-,-,-,-,-,-,-,-,-,-,-,-,-,-,-,-,-,-,-,-,-,-,-,-,-,-,-,-,-,-,-,-,-,-,-,♦
Israel,-,-,-,-,-,-,-,-,-,-,-,-,-,-,-,-,-,-,-,-,-,-,-,-,-,-,-,-,-,-,-,-,-,-,-,-,-,-,-,-,-,-,-,^,^,^,^,^,^,^,^,^,^,^,^,^,^,22.3%,13.0%,♦
Kuwait,-,-,-,-,-,-,-,-,-,-,-,-,-,-,-,-,-,-,-,-,-,-,-,-,-,-,-,-,-,-,-,-,-,-,-,-,-,-,-,-,-,-,-,-,-,-,-,-,-,-,-,-,-,-,-,-,-,-,-,♦
Oman,-,-,-,-,-,-,-,-,-,-,-,-,-,-,-,-,-,-,-,-,-,-,-,-,-,-,-,-,-,-,-,-,-,-,-,-,-,-,-,-,-,-,-,-,-,-,-,-,-,-,-,-,-,-,-,-,-,-,-,♦
Qatar,-,-,-,-,-,-,-,-,-,-,-,-,-,-,-,-,-,-,-,-,-,-,-,-,-,-,-,-,-,-,-,-,-,-,-,-,-,-,-,-,-,-,-,-,-,-,^,^,^,^,^,^,^,^,^,^,^,♦,♦,♦
Saudi Arabia,-,-,-,-,-,-,-,-,-,-,-,-,-,-,-,-,-,-,-,-,-,-,-,-,-,-,-,-,-,-,-,-,-,-,-,-,-,-,-,-,-,-,-,-,-,-,-,-,-,-,-,-,-,-,-,-,-,-,-,♦
United Arab Emirates,-,-,-,-,-,-,-,-,-,-,-,-,-,-,-,-,-,-,-,-,-,-,-,-,-,-,-,-,-,-,-,-,-,-,-,-,-,-,-,-,-,-,-,-,-,-,-,-,^,^,^,^,^,^,^,^,^,♦,-,♦
Other Middle East,-,-,-,-,-,-,-,-,-,-,-,-,-,-,-,-,-,-,-,-,-,-,-,-,-,-,-,-,-,-,-,-,-,-,-,^,^,^,^,^,^,^,^,^,^,^,^,^,^,^,^,^,^,^,^,^,^,♦,17.0%,♦
Algeria,-,-,-,-,-,-,-,-,-,-,-,-,-,-,-,-,-,-,-,-,-,-,-,-,-,-,-,-,-,-,-,-,-,-,-,-,-,-,-,-,-,-,-,-,-,-,-,-,-,-,-,-,-,-,-,-,-,-,-,♦
Egypt,-,-,-,-,-,-,-,-,-,-,-,-,-,-,-,-,-,-,-,-,-,-,-,-,-,-,-,-,-,-,-,-,-,-,-,-,-,-,-,-,-,-,-,-,-,-,-,-,-,-,-,-,-,-,-,-,-,-,-,♦
Morocco,-,-,-,-,-,-,-,-,-,-,-,-,-,-,-,-,-,-,-,-,-,-,-,-,-,-,-,-,-,-,-,-,-,-,-,-,-,-,-,-,-,-,-,-,-,-,-,-,-,-,-,-,-,-,-,-,-,-,-,♦
South Africa,-,-,-,-,-,-,-,-,-,-,-,-,-,-,-,-,-,-,-,-,-,-,-,-,-,-,-,-,-,-,-,^,^,^,^,0.01,^,0.01,^,^,^,^,^,0.01,0.01,^,^,^,0.01,^,^,^,^,^,^,^,^,♦,0.5%,0.1%
Eastern Africa,-,-,-,-,-,-,^,^,^,^,^,^,^,^,^,^,^,^,^,^,^,0.01,0.01,0.01,0.01,0.01,0.01,0.01,0.01,0.01,0.01,0.01,0.01,0.01,0.01,0.02,0.02,0.02,0.02,0.02,0.02,0.02,0.02,0.02,0.03,0.03,0.03,0.03,0.04,0.05,0.06,0.06,0.07,0.07,0.07,0.07,0.07,-0.5%,8.4%,0.8%
Middle Africa,-,-,-,-,-,-,-,-,-,-,-,-,-,-,-,-,-,-,-,-,-,-,-,-,-,^,^,^,^,^,^,^,^,^,^,^,^,^,^,^,^,0.01,^,^,^,^,^,^,^,^,^,^,^,^,^,^,^,♦,-2.8%,♦
Western Africa,-,-,-,-,-,-,^,^,^,^,^,^,^,^,^,^,^,^,^,^,^,^,^,^,^,^,^,^,^,^,^,^,^,^,^,^,^,^,^,^,^,^,^,^,^,^,^,^,^,^,^,^,^,^,^,^,^,0.2%,3.3%,♦
Other Northern Africa,-,-,-,-,-,-,-,-,-,-,-,-,-,-,-,-,-,-,-,-,-,-,-,-,-,-,-,-,-,-,-,-,-,-,-,-,-,-,-,-,-,-,-,-,-,-,-,-,-,-,-,-,-,-,-,-,-,-,-,♦
Other Southern Africa,-,-,-,-,-,-,-,-,-,-,-,-,-,-,-,-,-,-,-,-,-,-,-,-,-,-,-,^,^,^,^,^,^,^,^,^,^,^,^,^,^,^,^,^,^,^,^,^,^,^,^,^,^,^,^,^,^,♦,-3.3%,♦
Australia,^,^,^,^,^,^,^,^,^,^,0.01,0.01,^,^,^,^,^,0.01,^,0.01,0.01,0.01,0.01,0.01,0.01,0.01,0.01,0.01,0.01,0.01,0.01,0.01,0.01,0.01,0.01,0.01,0.01,0.01,0.02,0.03,0.04,0.05,0.05,0.04,0.03,0.03,0.03,0.04,0.04,0.04,0.04,0.04,0.04,0.04,0.04,0.04,0.04,-1.7%,2.7%,0.4%
Bangladesh,-,-,-,-,-,-,-,-,-,-,-,-,-,-,-,-,-,-,-,-,-,-,-,-,-,-,-,-,-,-,-,-,-,-,-,-,-,-,-,-,-,-,-,-,^,^,^,^,^,^,^,^,^,^,^,^,^,♦,0.1%,♦
China,-,-,-,-,-,-,-,-,-,-,-,-,-,-,-,-,-,-,-,-,-,-,-,-,-,^,^,^,^,0.01,0.03,0.02,0.03,0.03,0.03,0.03,0.03,0.03,0.03,0.03,0.06,0.08,0.11,0.17,0.24,0.29,0.32,0.35,0.43,0.53,0.62,0.71,0.91,1.08,1.30,1.56,1.95,25.6%,19.9%,22.9%
China Hong Kong SAR,-,-,-,-,-,-,-,-,-,-,-,-,-,-,-,-,-,-,-,-,-,-,-,-,-,-,-,-,-,-,-,-,-,-,-,-,-,-,-,-,-,-,-,-,-,^,^,^,^,^,^,^,^,^,^,^,^,1.9%,5.8%,♦
India,-,-,-,-,-,-,-,-,-,-,-,-,-,-,-,-,-,-,-,-,-,-,-,-,-,^,^,^,^,^,0.01,0.01,0.01,0.01,0.02,0.02,0.02,0.02,0.03,0.04,0.05,0.06,0.09,0.11,0.13,0.16,0.20,0.23,0.26,0.28,0.35,0.29,0.29,0.31,0.36,0.38,0.41,8.0%,7.5%,4.8%
Indonesia,-,-,-,-,-,-,-,-,-,-,-,-,-,-,-,-,-,-,-,-,-,-,-,-,-,0.01,0.01,0.01,0.01,0.02,0.02,0.02,0.03,0.03,0.04,0.05,0.06,0.06,0.06,0.07,0.07,0.07,0.07,0.08,0.09,0.09,0.09,0.09,0.09,0.10,0.10,0.11,0.12,0.27,0.27,0.28,0.32,11.8%,13.2%,3.7%
Japan,-,-,-,-,-,^,^,^,^,^,^,^,0.01,0.01,0.01,0.01,0.01,0.11,0.12,0.14,0.14,0.16,0.17,0.18,0.19,0.13,0.13,0.13,0.13,0.15,0.16,0.17,0.18,0.18,0.19,0.18,0.18,0.19,0.20,0.20,0.24,0.24,0.25,0.24,0.23,0.25,0.24,0.25,0.26,0.27,0.32,0.27,0.31,0.34,0.36,0.39,0.41,3.1%,5.5%,4.8%
Malaysia,-,-,-,-,-,-,-,-,-,-,-,-,-,-,-,-,-,-,-,-,-,-,-,-,-,-,-,-,-,-,-,-,-,-,-,0.01,0.01,^,^,0.01,0.01,0.01,0.01,0.01,0.02,0.01,0.02,0.02,0.01,0.01,0.01,0.01,0.01,0.02,0.02,0.02,0.02,0.6%,0.6%,0.2%
New Zealand,0.01,0.01,0.01,0.01,0.01,0.01,0.01,0.01,0.01,0.02,0.02,0.02,0.02,0.02,0.02,0.02,0.02,0.02,0.02,0.02,0.02,0.02,0.02,0.02,0.03,0.03,0.03,0.03,0.03,0.03,0.03,0.03,0.03,0.03,0.04,0.04,0.04,0.03,0.03,0.03,0.04,0.04,0.04,0.05,0.06,0.06,0.07,0.07,0.07,0.08,0.09,0.08,0.08,0.08,0.08,0.08,0.08,♦,2.1%,1.0%
Pakistan,-,-,-,-,-,-,-,-,-,-,-,-,-,-,-,-,-,-,-,-,-,-,-,-,-,-,-,-,-,-,-,-,-,-,-,0.01,0.01,0.01,0.01,0.01,-,-,-,-,-,-,-,-,-,-,^,0.01,0.01,0.01,0.01,0.01,0.01,11.0%,-,0.1%
Philippines,-,-,-,-,-,-,-,-,-,-,-,-,^,^,0.01,0.02,0.04,0.04,0.05,0.06,0.06,0.06,0.05,0.05,0.06,0.06,0.06,0.06,0.06,0.06,0.06,0.07,0.07,0.09,0.11,0.12,0.11,0.10,0.10,0.10,0.10,0.10,0.10,0.10,0.10,0.10,0.10,0.10,0.09,0.10,0.11,0.11,0.11,0.11,0.11,0.11,0.10,-10.1%,0.4%,1.2%
Singapore,-,-,-,-,-,-,-,-,-,-,-,-,-,-,-,-,-,-,-,-,-,^,^,^,^,^,^,^,^,^,^,^,^,^,^,^,0.01,0.01,0.01,0.01,0.01,0.01,0.01,0.01,0.01,0.01,0.01,0.01,0.01,0.01,0.01,0.01,0.01,0.01,0.01,0.01,0.01,11.2%,2.3%,0.1%
South Korea,-,-,-,-,-,-,-,-,-,-,-,-,-,-,-,-,-,-,-,-,-,-,-,-,-,-,-,-,-,-,^,^,^,^,^,^,^,^,^,^,^,^,^,0.01,0.01,0.03,0.07,0.08,0.08,0.12,0.13,0.13,0.16,0.17,0.16,0.10,0.17,77.2%,10.1%,2.0%
Sri Lanka,-,-,-,-,-,-,-,-,-,-,-,-,-,-,-,-,-,-,-,-,-,-,-,-,-,-,-,-,-,-,-,-,-,-,-,-,-,-,-,^,^,^,^,^,^,^,^,^,^,^,^,^,^,^,^,^,^,9.2%,15.0%,♦
Taiwan,-,-,-,-,-,-,-,-,-,-,-,-,-,-,-,-,-,^,^,^,^,^,^,^,^,^,^,^,^,^,^,0.01,0.01,0.01,0.01,0.01,0.02,0.02,0.02,0.02,0.02,0.02,0.02,0.02,0.02,0.02,0.02,0.02,0.02,0.02,0.02,0.02,0.02,0.02,0.02,0.02,0.02,0.6%,0.8%,0.3%
Thailand,-,-,-,-,-,-,-,-,-,-,-,-,-,-,-,-,-,-,-,-,-,-,^,^,^,^,^,^,^,^,^,^,^,^,0.01,0.01,0.01,0.01,0.01,0.02,0.02,0.02,0.03,0.02,0.03,0.04,0.05,0.05,0.06,0.08,0.08,0.10,0.11,0.13,0.14,0.13,0.15,11.3%,12.6%,1.7%
Vietnam,-,-,-,-,-,-,-,-,-,-,-,-,-,-,-,-,-,-,-,-,-,-,-,-,-,-,-,-,-,-,-,-,-,-,-,-,-,-,-,-,^,^,^,^,^,^,^,^,^,^,^,^,^,^,^,^,^,25.6%,10.9%,♦
Other Asia Pacific,-,-,-,-,-,-,-,-,-,-,-,-,-,-,-,-,-,-,-,^,-,-,-,-,-,^,^,^,^,^,^,^,^,^,-,^,^,^,^,^,^,^,^,^,^,^,^,^,^,0.01,0.01,^,0.01,0.01,0.01,0.01,0.01,6.1%,6.1%,0.1%
